URL,TimeSpent_ms,Timestamp,PageSize_bytes,Energy_kWh,Carbon_kg
chrome://extensions/,18,2025-11-04T13:04:09.830Z,0,0,0
chrome://newtab/,0,2025-11-04T13:04:10.088Z,486102,0.000070,0.000033
https://www.google.com/search?q=wikipedia&oq=wikipwe&gs_lcrp=EgZjaHJvbWUqDAgBEAAYChixAxiABDIGCAAQRRg5MgwIARAAGAoYsQMYgAQyDAgCEAAYChixAxiABDIJCAMQABgKGIAEMgkIBBAAGAoYgAQyCQgFEAAYChiABDIJCAYQABgKGIAEMgYIBxAFGEDSAQg0MTgzajBqN6gCCLACAfEFDqB55lPxqR8&sourceid=chrome&ie=UTF-8,0,2025-11-04T13:04:19.131Z,142223,0.000020,0.000010
https://en.wikipedia.org/wiki/Wikipedia:About,5,2025-11-04T13:04:22.206Z,0,0,0
https://en.wikipedia.org/wiki/Wikipedia:About,7,2025-11-04T13:05:27.005Z,0,0,0
chrome://newtab/,0,2025-11-04T13:05:27.312Z,0,0,0
https://www.bathandbodyworks.com/cart,31,2025-11-04T13:05:39.205Z,0,0,0
https://www.bathandbodyworks.com/t/promotion,0,2025-11-04T13:05:49.661Z,0,0,0
https://www.bathandbodyworks.com/c/body-care/body-sprays-mists,3,2025-11-04T13:06:03.556Z,0,0,0
https://www.bathandbodyworks.com/c/body-care/body-sprays-mists?offset=48,2,2025-11-04T13:06:45.186Z,0,0,0
https://www.bathandbodyworks.com/c/body-care/body-sprays-mists?offset=48,6,2025-11-04T13:06:57.903Z,0,0,0
chrome://extensions/,127,2025-11-04T13:07:03.108Z,0,0,0
https://www.bathandbodyworks.com/c/body-care/body-sprays-mists?offset=48,2,2025-11-04T13:07:13.528Z,0,0,0
https://chatgpt.com/c/6909c656-6f8c-8321-80e0-a8f1f2177dd3,6,2025-11-04T13:09:33.678Z,0,0,0
https://www.youtube.com/,53,2025-11-04T13:09:38.132Z,0,0,0
https://www.youtube.com/results?search_query=browser+extension+carbon,1,2025-11-04T13:09:39.140Z,2920736,0.000418,0.000198
https://www.youtube.com/,4,2025-11-04T13:09:42.119Z,0,0,0
https://www.youtube.com/watch?v=ncn84cMWgRA,64,2025-11-04T13:09:47.362Z,0,0,0
https://www.youtube.com/watch?v=NkibNXbcSbo,3,2025-11-04T13:12:50.269Z,0,0,0
https://www.youtube.com/watch?v=NkibNXbcSbo,1,2025-11-04T13:15:13.708Z,0,0,0
chrome://newtab/,4,2025-11-04T13:15:22.206Z,0,0,0
chrome://newtab/,1,2025-11-04T13:18:19.439Z,0,0,0
https://www.youtube.com/results?search_query=browser+extension+carbon,6,2025-11-04T13:18:22.254Z,0,0,0
https://www.youtube.com/watch?v=cCArfCZrd68,7,2025-11-04T13:18:30.235Z,0,0,0
https://www.youtube.com/watch?v=cCArfCZrd68,32,2025-11-04T13:18:35.543Z,0,0,0
https://chatgpt.com/c/6909c656-6f8c-8321-80e0-a8f1f2177dd3,39,2025-11-04T13:21:51.618Z,0,0,0
chrome://extensions/,7,2025-11-04T13:26:10.605Z,0,0,0
chrome://extensions/,1,2025-11-04T13:26:10.741Z,0,0,0
chrome://extensions/?errors=ljogdcghldnnfkjhjmpfpnfeodbclcck,0,2025-11-04T13:26:13.138Z,0,0,0
chrome://extensions/?errors=ljogdcghldnnfkjhjmpfpnfeodbclcck,18,2025-11-04T13:26:40.623Z,0,0,0
https://chatgpt.com/c/6909c656-6f8c-8321-80e0-a8f1f2177dd3,19,2025-11-04T13:27:42.803Z,0,0,0
chrome://extensions/,3,2025-11-04T13:27:59.603Z,0,0,0
chrome://extensions/,23,2025-11-04T13:28:10.924Z,0,0,0
https://chatgpt.com/c/6909c656-6f8c-8321-80e0-a8f1f2177dd3,24,2025-11-04T13:28:50.754Z,0,0,0
chrome://extensions/?errors=ljogdcghldnnfkjhjmpfpnfeodbclcck,1,2025-11-04T13:28:57.765Z,0,0,0
chrome://extensions/,3,2025-11-04T13:29:05.710Z,0,0,0
chrome://extensions/,8,2025-11-04T13:29:19.014Z,0,0,0
chrome://extensions/,1,2025-11-04T13:31:11.270Z,0,0,0
chrome://extensions/,12,2025-11-04T13:31:16.239Z,0,0,0
https://www.bathandbodyworks.com/c/body-care/body-sprays-mists?offset=48,2,2025-11-04T13:31:18.129Z,0,0,0
https://www.bathandbodyworks.com/c/body-care/body-sprays-mists?offset=48,17,2025-11-04T13:31:24.855Z,0,0,0
https://chatgpt.com/c/6909c656-6f8c-8321-80e0-a8f1f2177dd3,10,2025-11-04T13:31:33.972Z,0,0,0
chrome://extensions/,0,2025-11-04T13:31:46.531Z,0,0,0
https://www.youtube.com/watch?v=cCArfCZrd68,0,2025-11-04T13:32:43.889Z,1397571,0.000200,0.000095
https://www.youtube.com/watch?v=cCArfCZrd68,7,2025-11-04T13:32:51.624Z,0,0,0
https://www.youtube.com/watch?v=cCArfCZrd68,45,2025-11-04T13:33:02.835Z,0,0,0
chrome://extensions/,6,2025-11-04T13:33:06.958Z,0,0,0
https://www.youtube.com/watch?v=cCArfCZrd68,19,2025-11-04T13:33:12.996Z,0,0,0
https://chatgpt.com/c/6909c656-6f8c-8321-80e0-a8f1f2177dd3,13,2025-11-04T13:33:13.918Z,0,0,0
https://www.youtube.com/watch?v=cCArfCZrd68,71,2025-11-04T13:33:18.467Z,0,0,0
https://chatgpt.com/c/6909c656-6f8c-8321-80e0-a8f1f2177dd3,2,2025-11-04T13:33:25.818Z,0,0,0
https://www.youtube.com/watch?v=cCArfCZrd68,11,2025-11-04T13:33:26.568Z,0,0,0
https://github.com/abhishek-x/web-carbon?utm_source=chatgpt.com,47,2025-11-04T13:33:27.186Z,312976,0.000045,0.000021
https://github.com/sustainablewebdev/wp-carbon-calculator,1,2025-11-04T13:33:28.659Z,0,0,0
https://github.com/sustainablewebdev/wp-carbon-calculator,40,2025-11-04T13:33:28.926Z,0,0,0
chrome://extensions/,21,2025-11-04T13:33:30.266Z,287962,0.000041,0.000020
chrome://extensions/,0,2025-11-04T13:39:33.183Z,0,0,0
https://github.com/sustainablewebdev/wp-carbon-calculator,1,2025-11-04T13:45:28.119Z,312976,0.000045,0.000021
https://github.com/sustainablewebdev/wp-carbon-calculator,1,2025-11-04T13:45:29.489Z,0,0,0
chrome://newtab/,1,2025-11-04T13:46:02.319Z,0,0,0
chrome://newtab/,0,2025-11-04T13:46:02.400Z,4634108,0.000663,0.000315
https://www.facebook.com/,0,2025-11-04T13:46:11.332Z,0,0,0
https://github.com/sustainablewebdev/wp-carbon-calculator,31,2025-11-04T13:46:39.954Z,0,0,0
https://www.youtube.com/watch?v=cCArfCZrd68,9,2025-11-04T13:46:41.149Z,0,0,0
https://github.com/abhishek-x/web-carbon?utm_source=chatgpt.com,18,2025-11-04T13:46:41.646Z,0,0,0
https://github.com/sustainablewebdev/wp-carbon-calculator,12,2025-11-04T13:46:42.271Z,300875,0.000043,0.000020
chrome://extensions/,16,2025-11-04T13:46:43.163Z,257395,0.000037,0.000017
https://www.google.com/,1,2025-11-04T13:46:44.562Z,0,0,0
https://www.google.com/,8,2025-11-04T13:46:44.725Z,0,0,0
chrome://extensions/,9,2025-11-04T13:46:46.377Z,782285,0.000112,0.000053
https://en.wikipedia.org/wiki/Los_Angeles_Dodgers,1,2025-11-04T13:46:48.650Z,0,0,0
https://chatgpt.com/c/6909c656-6f8c-8321-80e0-a8f1f2177dd3,1,2025-11-04T13:48:22.701Z,0,0,0
https://www.youtube.com/watch?v=cCArfCZrd68,2,2025-11-04T13:49:00.530Z,0,0,0
chrome://newtab/,0,2025-11-04T13:49:00.837Z,371876,0.000053,0.000025
https://www.google.com/search?q=chatgpt&oq=&gs_lcrp=EgZjaHJvbWUqCQgAECMYJxjqAjIJCAAQIxgnGOoCMgkIARAjGCcY6gIyCQgCECMYJxjqAjIJCAMQIxgnGOoCMgkIBBAjGCcY6gIyCQgFECMYJxjqAjIJCAYQIxgnGOoCMgkIBxAjGCcY6gLSAQoxNzkwMzZqMGo3qAIIsAIB8QU7V3cG-kVzwA&sourceid=chrome&ie=UTF-8,0,2025-11-04T13:49:04.459Z,0,0,0
https://chatgpt.com/,16,2025-11-04T13:49:07.800Z,0,0,0
https://chatgpt.com/,0,2025-11-04T13:49:07.850Z,0,0,0
https://chatgpt.com/c/6909c656-6f8c-8321-80e0-a8f1f2177dd3,85,2025-11-04T13:49:11.594Z,0,0,0
https://cdn.jsdelivr.net/npm/chart.js,0,2025-11-04T13:53:13.438Z,0,0,0
https://cdn.jsdelivr.net/npm/chart.js,33,2025-11-04T13:53:13.669Z,0,0,0
chrome://extensions/,1,2025-11-04T14:01:43.046Z,0,0,0
chrome://extensions/?errors=ljogdcghldnnfkjhjmpfpnfeodbclcck,5,2025-11-04T14:01:45.732Z,0,0,0
chrome://extensions/,3,2025-11-04T14:01:55.619Z,0,0,0
chrome://extensions/?errors=ljogdcghldnnfkjhjmpfpnfeodbclcck,1,2025-11-04T14:02:08.305Z,0,0,0
https://github.com/sustainablewebdev/wp-carbon-calculator,18,2025-11-04T14:02:48.350Z,311355,0.000045,0.000021
https://github.com/sustainablewebdev/wp-carbon-calculator,1,2025-11-04T14:02:50.066Z,0,0,0
chrome://extensions/?errors=ljogdcghldnnfkjhjmpfpnfeodbclcck,0,2025-11-04T14:05:04.990Z,0,0,0
chrome://extensions/,4,2025-11-04T14:05:09.848Z,0,0,0
https://chatgpt.com/c/6909c656-6f8c-8321-80e0-a8f1f2177dd3,0,2025-11-04T14:11:32.626Z,0,0,0
https://www.youtube.com/watch?v=FxEX_GWwE7M,0,2025-11-04T14:12:14.060Z,0,0,0
https://www.youtube.com/watch?v=FxEX_GWwE7M,30,2025-11-04T14:12:15.756Z,0,0,0
https://chatgpt.com/c/6909c656-6f8c-8321-80e0-a8f1f2177dd3,6,2025-11-04T14:15:22.891Z,0,0,0
https://github.com/abhishek-x/web-carbon?utm_source=chatgpt.com,102,2025-11-04T14:15:23.582Z,0,0,0
https://github.com/sustainablewebdev/wp-carbon-calculator,1,2025-11-04T14:15:24.140Z,0,0,0
chrome://extensions/,17,2025-11-04T14:15:24.895Z,287962,0.000041,0.000020
https://www.google.com/,53,2025-11-04T14:15:25.879Z,0,0,0
https://en.wikipedia.org/wiki/Los_Angeles_Dodgers,324,2025-11-04T14:15:27.726Z,0,0,0
https://en.wikipedia.org/wiki/Wikipedia:About,168,2025-11-04T14:15:28.496Z,0,0,0
https://www.bathandbodyworks.com/c/body-care/body-sprays-mists?offset=48,132,2025-11-04T14:15:31.945Z,0,0,0
chrome://newtab/,47,2025-11-04T14:15:32.423Z,782243,0.000112,0.000053
https://www.youtube.com/watch?v=f23ca4YSAXI,1,2025-11-04T14:20:00.083Z,0,0,0
https://www.youtube.com/results?search_query=4.+Browser+Extension%3A+Green+Browsing+Tracker,595,2025-11-04T14:20:11.686Z,0,0,0
https://www.youtube.com/results?search_query=4.+Browser+Extension%3A+Green+Browsing+Tracker,12,2025-11-04T14:20:43.172Z,0,0,0
https://github.com/abhishek-x/web-carbon?utm_source=chatgpt.com,0,2025-11-04T14:22:03.588Z,0,0,0
https://github.com/abhishek-x/web-carbon?utm_source=chatgpt.com,1,2025-11-04T14:22:04.472Z,0,0,0
https://github.com/abhishek-x/web-carbon?utm_source=chatgpt.com,11,2025-11-04T14:22:18.115Z,0,0,0
https://github.com/sustainablewebdev/wp-carbon-calculator,1,2025-11-04T14:22:18.528Z,0,0,0
chrome://extensions/,12,2025-11-04T14:22:51.246Z,0,0,0
https://github.com/abhishek-x/web-carbon?utm_source=chatgpt.com,1,2025-11-04T14:23:12.617Z,0,0,0
https://github.com/abhishek-x/web-carbon?utm_source=chatgpt.com,9,2025-11-04T14:23:20.220Z,0,0,0
chrome://newtab/,0,2025-11-04T14:23:20.371Z,6467270,0.000925,0.000439
https://www.facebook.com/,1,2025-11-04T14:23:26.950Z,0,0,0
https://chatgpt.com/c/6909c656-6f8c-8321-80e0-a8f1f2177dd3,38,2025-11-04T14:24:26.729Z,0,0,0
https://chatgpt.com/c/6909c656-6f8c-8321-80e0-a8f1f2177dd3,2,2025-11-04T14:24:27.483Z,256779,0.000037,0.000017
https://chatgpt.com/c/6909c656-6f8c-8321-80e0-a8f1f2177dd3,22,2025-11-04T14:40:56.603Z,0,0,0
chrome://extensions/,1,2025-11-04T14:45:05.580Z,0,0,0
chrome://extensions/,1,2025-11-04T14:45:05.750Z,0,0,0
https://www.youtube.com/results?search_query=4.+Browser+Extension%3A+Green+Browsing+Tracker,0,2025-11-04T14:51:39.900Z,0,0,0
https://www.youtube.com/results?search_query=4.+Browser+Extension%3A+Green+Browsing+Tracker,47,2025-11-04T14:51:40.679Z,0,0,0
https://github.com/abhishek-x/web-carbon?utm_source=chatgpt.com,18,2025-11-04T14:51:41.242Z,288012,0.000041,0.000020
chrome://extensions/,99,2025-11-04T14:51:42.168Z,214021,0.000031,0.000015
https://www.google.com/,1,2025-11-04T14:51:43.264Z,0,0,0
https://www.google.com/,1,2025-11-04T14:52:07.395Z,0,0,0
chrome://extensions/,0,2025-11-04T14:57:11.499Z,0,0,0
chrome://extensions/,3,2025-11-04T14:57:28.617Z,0,0,0
chrome://extensions/,1,2025-11-04T14:58:41.369Z,0,0,0
chrome://extensions/?id=ljogdcghldnnfkjhjmpfpnfeodbclcck,1,2025-11-04T14:58:43.579Z,0,0,0
chrome://extensions/?id=ljogdcghldnnfkjhjmpfpnfeodbclcck,0,2025-11-04T14:59:15.174Z,0,0,0
https://chatgpt.com/c/6909c656-6f8c-8321-80e0-a8f1f2177dd3,12,2025-11-04T15:08:51.274Z,0,0,0
chrome://extensions/?id=ljogdcghldnnfkjhjmpfpnfeodbclcck,2,2025-11-04T15:08:53.698Z,0,0,0
https://chatgpt.com/c/6909c656-6f8c-8321-80e0-a8f1f2177dd3,18,2025-11-04T15:14:35.852Z,0,0,0
chrome://downloads/,1,2025-11-04T15:14:38.464Z,0,0,0
chrome://downloads/,25,2025-11-04T15:14:41.122Z,0,0,0
https://chatgpt.com/c/6909c656-6f8c-8321-80e0-a8f1f2177dd3,10,2025-11-04T15:14:41.851Z,0,0,0
https://chatgpt.com/c/6909c656-6f8c-8321-80e0-a8f1f2177dd3,15,2025-11-04T15:17:19.657Z,0,0,0
https://github.com/abhishek-x/web-carbon?utm_source=chatgpt.com,1,2025-11-04T15:17:20.220Z,288012,0.000041,0.000020
chrome://extensions/?id=ljogdcghldnnfkjhjmpfpnfeodbclcck,30,2025-11-04T15:17:21.036Z,214070,0.000031,0.000015
https://www.google.com/,5,2025-11-04T15:17:21.918Z,0,0,0
chrome://extensions/?id=ljogdcghldnnfkjhjmpfpnfeodbclcck,0,2025-11-04T15:20:10.490Z,0,0,0
chrome://extensions/,2,2025-11-04T15:20:12.579Z,0,0,0
chrome://extensions/?errors=ljogdcghldnnfkjhjmpfpnfeodbclcck,3,2025-11-04T15:20:18.991Z,0,0,0
chrome://extensions/,0,2025-11-04T15:20:25.433Z,0,0,0
chrome://extensions/,88,2025-11-04T16:32:05.020Z,0,0,0
https://github.com/abhishek-x/web-carbon?utm_source=chatgpt.com,51,2025-11-04T16:32:06.993Z,0,0,0
chrome://extensions/,1,2025-11-04T16:33:05.006Z,0,0,0
chrome://extensions/,20,2025-11-04T16:33:11.875Z,0,0,0
https://chatgpt.com/c/6909c656-6f8c-8321-80e0-a8f1f2177dd3,62,2025-11-04T16:33:21.453Z,0,0,0
chrome://newtab/,135,2025-11-04T16:33:22.149Z,0,0,0
chrome://newtab/,2,2025-11-04T16:33:22.624Z,0,0,0
https://chatgpt.com/c/6909c656-6f8c-8321-80e0-a8f1f2177dd3,54,2025-11-04T16:33:25.276Z,214077,0.000031,0.000015
https://www.google.com/,0,2025-11-04T16:33:26.180Z,0,0,0
https://www.bathandbodyworks.com/c/body-care/body-sprays-mists?offset=48,1,2025-11-04T16:33:31.846Z,817418,0.000117,0.000056
https://chatgpt.com/c/6909c656-6f8c-8321-80e0-a8f1f2177dd3,7,2025-11-04T16:33:36.348Z,0,0,0
chrome://newtab/,7,2025-11-04T16:33:37.479Z,0,0,0
https://chatgpt.com/c/6909c656-6f8c-8321-80e0-a8f1f2177dd3,12,2025-11-04T16:33:50.855Z,0,0,0
chrome://extensions/,8,2025-11-04T16:33:53.317Z,0,0,0
chrome://newtab/,7,2025-11-04T16:33:54.614Z,0,0,0
https://github.com/abhishek-x/web-carbon?utm_source=chatgpt.com,32,2025-11-04T16:34:08.034Z,0,0,0
https://www.bathandbodyworks.com/c/body-care/body-sprays-mists?offset=48,1,2025-11-04T16:34:09.337Z,0,0,0
chrome://newtab/,10,2025-11-04T16:34:13.077Z,0,0,0
chrome://newtab/,13,2025-11-04T16:50:44.525Z,0,0,0
chrome://newtab/,212,2025-11-04T16:50:45.025Z,0,0,0
file:///C:/Users/Tanvir/Desktop/green-browsing-tracker/popup.html,3,2025-11-04T16:50:51.051Z,0,0,0
file:///C:/Users/Tanvir/Desktop/green-browsing-tracker/popup.html,0,2025-11-04T16:50:57.772Z,0,0,0
file:///C:/Users/Tanvir/Desktop/green-browsing-tracker/popup.html,1,2025-11-04T16:50:59.278Z,0,0,0
file:///C:/Users/Tanvir/Desktop/green-browsing-tracker/popup.html,0,2025-11-04T16:50:59.494Z,0,0,0
file:///C:/Users/Tanvir/Desktop/green-browsing-tracker/popup.html,1,2025-11-04T16:50:59.851Z,0,0,0
file:///C:/Users/Tanvir/Desktop/green-browsing-tracker/popup.html,0,2025-11-04T16:51:00.041Z,0,0,0
file:///C:/Users/Tanvir/Desktop/green-browsing-tracker/popup.html,1,2025-11-04T16:51:00.226Z,0,0,0
file:///C:/Users/Tanvir/Desktop/green-browsing-tracker/popup.html,2,2025-11-04T16:51:00.416Z,1346,0.000000,0.000000
file:///C:/Users/Tanvir/Desktop/green-browsing-tracker/popup.html,12,2025-11-04T16:51:00.616Z,0,0,0
file:///C:/Users/Tanvir/Desktop/green-browsing-tracker/popup.html,5,2025-11-04T16:51:00.791Z,0,0,0
https://chatgpt.com/c/6909c656-6f8c-8321-80e0-a8f1f2177dd3,2,2025-11-04T16:51:32.387Z,0,0,0
https://www.youtube.com/results?search_query=4.+Browser+Extension%3A+Green+Browsing+Tracker,1,2025-11-04T16:58:04.372Z,0,0,0
https://www.youtube.com/results?search_query=4.+Browser+Extension%3A+Green+Browsing+Tracker,60,2025-11-04T16:58:05.239Z,0,0,0
https://github.com/abhishek-x/web-carbon?utm_source=chatgpt.com,89,2025-11-04T16:58:07.065Z,307183,0.000044,0.000021
chrome://extensions/,2,2025-11-04T16:58:07.292Z,0,0,0
chrome://extensions/,17,2025-11-04T16:58:08.331Z,0,0,0
https://www.bathandbodyworks.com/c/body-care/body-sprays-mists?offset=48,19,2025-11-04T16:58:10.977Z,0,0,0
chrome://newtab/,1,2025-11-04T16:58:11.457Z,0,0,0
chrome://newtab/,76,2025-11-04T16:58:12.648Z,1007340,0.000144,0.000068
https://chatgpt.com/c/6909c656-6f8c-8321-80e0-a8f1f2177dd3,29,2025-11-04T16:58:13.463Z,0,0,0
file:///C:/Users/Tanvir/Desktop/green-browsing-tracker/popup.html,0,2025-11-04T16:58:27.858Z,0,0,0
https://chatgpt.com/c/6909c656-6f8c-8321-80e0-a8f1f2177dd3,1,2025-11-04T16:59:44.815Z,0,0,0
https://chatgpt.com/c/6909c656-6f8c-8321-80e0-a8f1f2177dd3,9,2025-11-04T16:59:51.992Z,0,0,0
file:///C:/Users/Tanvir/Desktop/green-browsing-tracker/popup.html,1,2025-11-04T16:59:53.141Z,0,0,0
chrome://extensions/,25,2025-11-04T17:17:00.701Z,0,0,0
chrome://extensions/,4,2025-11-04T17:17:11.902Z,0,0,0
file:///C:/Users/Tanvir/Desktop/green-browsing-tracker/popup.html,10,2025-11-04T17:17:15.218Z,0,0,0
file:///C:/Users/Tanvir/Desktop/green-browsing-tracker/popup.html,0,2025-11-04T17:17:17.112Z,0,0,0
file:///C:/Users/Tanvir/Desktop/green-browsing-tracker/popup.html,1,2025-11-04T17:17:18.214Z,0,0,0
file:///C:/Users/Tanvir/Desktop/green-browsing-tracker/popup.html,1,2025-11-04T17:17:18.454Z,0,0,0
file:///C:/Users/Tanvir/Desktop/green-browsing-tracker/popup.html,2,2025-11-04T17:17:18.779Z,0,0,0
file:///C:/Users/Tanvir/Desktop/green-browsing-tracker/popup.html,1,2025-11-04T17:17:19.005Z,0,0,0
file:///C:/Users/Tanvir/Desktop/green-browsing-tracker/popup.html,0,2025-11-04T17:17:19.316Z,0,0,0
file:///C:/Users/Tanvir/Desktop/green-browsing-tracker/popup.html,0,2025-11-04T17:17:19.488Z,0,0,0
file:///C:/Users/Tanvir/Desktop/green-browsing-tracker/popup.html,1,2025-11-04T17:17:19.738Z,0,0,0
file:///C:/Users/Tanvir/Desktop/green-browsing-tracker/popup.html,1,2025-11-04T17:17:20.001Z,0,0,0
file:///C:/Users/Tanvir/Desktop/green-browsing-tracker/popup.html,1,2025-11-04T17:17:46.391Z,0,0,0
file:///C:/Users/Tanvir/Desktop/green-browsing-tracker/popup.html,26,2025-11-04T17:17:57.211Z,0,0,0
https://www.youtube.com/results?search_query=4.+Browser+Extension%3A+Green+Browsing+Tracker,5,2025-11-04T17:18:00.861Z,0,0,0
https://github.com/abhishek-x/web-carbon?utm_source=chatgpt.com,2,2025-11-04T17:18:02.567Z,0,0,0
chrome://extensions/,1,2025-11-04T17:18:04.439Z,0,0,0
https://chatgpt.com/c/6909c656-6f8c-8321-80e0-a8f1f2177dd3,1,2025-11-04T17:18:05.897Z,0,0,0
file:///C:/Users/Tanvir/Desktop/green-browsing-tracker/popup.html,4,2025-11-04T17:18:16.407Z,0,0,0
chrome://extensions/?errors=ljogdcghldnnfkjhjmpfpnfeodbclcck,7,2025-11-04T17:18:22.392Z,0,0,0
https://chatgpt.com/c/6909c656-6f8c-8321-80e0-a8f1f2177dd3,0,2025-11-04T17:19:08.135Z,0,0,0
chrome://extensions/?errors=ljogdcghldnnfkjhjmpfpnfeodbclcck,160,2025-11-04T17:21:38.861Z,0,0,0
chrome://extensions/,392,2025-11-04T17:21:44.329Z,0,0,0
chrome://extensions/?errors=ljogdcghldnnfkjhjmpfpnfeodbclcck,3,2025-11-04T17:21:50.411Z,0,0,0
chrome://extensions/,1,2025-11-04T17:21:55.003Z,0,0,0
chrome://extensions/,40,2025-11-04T17:22:12.342Z,0,0,0
file:///C:/Users/Tanvir/Desktop/green-browsing-tracker/popup.html,2,2025-11-04T17:22:14.319Z,0,0,0
file:///C:/Users/Tanvir/Desktop/green-browsing-tracker/popup.html,2,2025-11-04T17:22:16.183Z,0,0,0
file:///C:/Users/Tanvir/Desktop/green-browsing-tracker/popup.html,1,2025-11-04T17:22:17.141Z,0,0,0
file:///C:/Users/Tanvir/Desktop/green-browsing-tracker/popup.html,1,2025-11-04T17:22:17.348Z,0,0,0
file:///C:/Users/Tanvir/Desktop/green-browsing-tracker/popup.html,1,2025-11-04T17:22:17.651Z,0,0,0
file:///C:/Users/Tanvir/Desktop/green-browsing-tracker/popup.html,1,2025-11-04T17:22:17.833Z,0,0,0
chrome://newtab/,1,2025-11-05T10:50:33.402Z,0,0,0
chrome://newtab/,15,2025-11-05T10:50:50.917Z,0,0,0
chrome://newtab/,10,2025-11-05T10:50:51.513Z,0,0,0
chrome://newtab/,27,2025-11-05T10:50:55.553Z,0,0,0
https://www.google.com/search?gs_ssp=eJzj4tTP1TewzEouKzZg9GKvzC8tKU1KBQA_-AaN&q=youtube&oq=yputube&gs_lcrp=EgZjaHJvbWUqDwgBEC4YChiDARixAxiABDIGCAAQRRg5Mg8IARAuGAoYgwEYsQMYgAQyDwgCEAAYChiDARixAxiABDIPCAMQABgKGIMBGLEDGIAEMgwIBBAAGAoYsQMYgAQyDwgFEAAYChiDARixAxiABDIPCAYQABgKGIMBGLEDGIAEMgYIBxAFGEDSAQg0NDA3ajBqN6gCCLACAfEF1WvQ20O5aozxBdVr0NtDuWqM&sourceid=chrome&ie=UTF-8,6,2025-11-05T10:51:06.016Z,1362427,0.000195,0.000093
https://www.bathandbodyworks.com/cart,66,2025-11-05T10:51:11.970Z,0,0,0
chrome://newtab/,0,2025-11-05T10:51:12.106Z,673624,0.000096,0.000046
https://www.google.com/search?q=wikipedia&oq=wiki&gs_lcrp=EgZjaHJvbWUqDggAEEUYJxg7GIAEGIoFMg4IABBFGCcYOxiABBiKBTIRCAEQRRg5GEMYsQMYgAQYigUyBggCEEUYQDIMCAMQABhDGIAEGIoFMgYIBBBFGDwyBggFEEUYPDIGCAYQRRg8MgYIBxBFGDzSAQgxODQ0ajBqN6gCALACAA&sourceid=chrome&ie=UTF-8,0,2025-11-05T10:51:17.891Z,0,0,0
https://www.wikipedia.org/,0,2025-11-05T10:51:19.042Z,113710,0.000016,0.000008
https://www.youtube.com/,1,2025-11-05T10:51:22.350Z,0,0,0
https://www.bathandbodyworks.com/cart,0,2025-11-05T10:51:24.452Z,1799899,0.000257,0.000122
https://www.wikipedia.org/,24,2025-11-05T10:51:32.085Z,0,0,0
https://www.bathandbodyworks.com/c/body-care/all-fragrance,3,2025-11-05T10:51:44.250Z,0,0,0
https://www.bathandbodyworks.com/p/gingham-gorgeous-fine-fragrance-mist-028003514,2,2025-11-05T10:52:08.466Z,0,0,0
https://www.bathandbodyworks.com/p/gingham-gorgeous-fine-fragrance-mist-028003514,9,2025-11-05T10:52:27.062Z,0,0,0
https://www.youtube.com/,5,2025-11-05T10:52:42.346Z,0,0,0
https://www.bathandbodyworks.com/p/gingham-gorgeous-travel-size-fine-fragrance-mist-028003819,2,2025-11-05T10:53:05.070Z,0,0,0
https://www.bathandbodyworks.com/p/gingham-gorgeous-travel-size-fine-fragrance-mist-028003819,12,2025-11-05T10:53:07.059Z,0,0,0
https://wikisource.org/wiki/Main_Page,95,2025-11-05T10:53:11.467Z,441064,0.000063,0.000030
https://www.youtube.com/,17,2025-11-05T10:53:13.474Z,0,0,0
https://www.bathandbodyworks.com/p/gingham-gorgeous-travel-size-fine-fragrance-mist-028003819,5,2025-11-05T10:53:13.918Z,0,0,0
https://wikisource.org/wiki/Main_Page,33,2025-11-05T10:53:24.714Z,0,0,0
https://www.bathandbodyworks.com/p/gingham-gorgeous-travel-size-fine-fragrance-mist-028003819,0,2025-11-05T10:53:30.561Z,0,0,0
https://www.youtube.com/,2,2025-11-05T10:53:43.027Z,0,0,0
chrome://newtab/,0,2025-11-05T10:53:43.270Z,478468,0.000068,0.000033
https://www.google.com/search?q=chatgpt&oq=&gs_lcrp=EgZjaHJvbWUqCQgCECMYJxjqAjIJCAAQLhgnGOoCMgkIARAjGCcY6gIyCQgCECMYJxjqAjIJCAMQIxgnGOoCMgkIBBAjGCcY6gIyCQgFECMYJxjqAjIJCAYQIxgnGOoCMgkIBxAjGCcY6gLSAQoxNTU4NzFqMGo3qAIIsAIB8QVObVcVhFbzyw&sourceid=chrome&ie=UTF-8,7,2025-11-05T10:53:51.868Z,0,0,0
https://chatgpt.com/,0,2025-11-05T10:53:55.232Z,0,0,0
https://wikisource.org/wiki/Main_Page,1,2025-11-05T10:53:55.820Z,1279655,0.000183,0.000087
https://www.bathandbodyworks.com/p/gingham-gorgeous-travel-size-fine-fragrance-mist-028003819,41,2025-11-05T10:53:59.609Z,0,0,0
https://www.youtube.com/watch?v=MtZAeGyubg0,24,2025-11-05T10:54:23.725Z,0,0,0
https://www.youtube.com/watch?v=MtZAeGyubg0,71,2025-11-05T10:54:41.553Z,0,0,0
https://www.bathandbodyworks.com/p/gingham-gorgeous-travel-size-fine-fragrance-mist-028003819,17,2025-11-05T10:54:55.444Z,768079,0.000110,0.000052
https://www.wikidata.org/wiki/Wikidata:Main_Page,5,2025-11-05T10:55:00.975Z,0,0,0
https://www.wikidata.org/wiki/Wikidata:Main_Page,25,2025-11-05T10:55:39.420Z,0,0,0
https://www.bathandbodyworks.com/p/gingham-gorgeous-travel-size-fine-fragrance-mist-028003819,1,2025-11-05T10:55:40.690Z,0,0,0
https://www.youtube.com/watch?v=MtZAeGyubg0,25,2025-11-05T10:55:43.772Z,0,0,0
chrome://newtab/,25,2025-11-05T11:00:59.371Z,0,0,0
chrome://newtab/,177,2025-11-05T11:00:59.485Z,0,0,0
https://chatgpt.com/,107,2025-11-05T11:01:26.856Z,687946,0.000098,0.000047
https://www.google.com/search?q=style+inline&oq=style+inline&gs_lcrp=EgZjaHJvbWUyBggAEEUYOTIHCAEQABiABDIHCAIQABiABDIHCAMQABiABDIHCAQQABiABDIHCAUQABiABDIHCAYQABiABDIKCAcQABgKGBYYHjIICAgQABgWGB4yCAgJEAAYFhge0gEIODgwNmowajeoAgCwAgA&sourceid=chrome&ie=UTF-8,1,2025-11-05T11:01:41.576Z,0,0,0
https://www.bathandbodyworks.com/p/gingham-gorgeous-travel-size-fine-fragrance-mist-028003819,2,2025-11-05T11:03:51.298Z,0,0,0
file:///C:/Users/Tanvir/Desktop/green-browsing-tracker/popup.html,1,2025-11-05T11:05:45.649Z,1394,0.000000,0.000000
file:///C:/Users/Tanvir/Desktop/green-browsing-tracker/popup.html,4,2025-11-05T11:05:45.679Z,0,0,0
file:///C:/Users/Tanvir/Desktop/green-browsing-tracker/popup.html,12,2025-11-05T11:06:03.601Z,0,0,0
https://chatgpt.com/c/6909c656-6f8c-8321-80e0-a8f1f2177dd3,20,2025-11-05T11:06:16.376Z,0,0,0
https://www.bathandbodyworks.com/p/gingham-gorgeous-travel-size-fine-fragrance-mist-028003819,1,2025-11-05T11:07:19.663Z,0,0,0
https://www.bathandbodyworks.com/p/gingham-gorgeous-travel-size-fine-fragrance-mist-028003819,20,2025-11-05T11:07:24.127Z,0,0,0
file:///C:/Users/Tanvir/Desktop/green-browsing-tracker/popup.html,14,2025-11-05T11:09:07.479Z,0,0,0
file:///C:/Users/Tanvir/Desktop/green-browsing-tracker/popup.html,4,2025-11-05T11:09:08.935Z,0,0,0
chrome://newtab/,1,2025-11-05T11:11:02.483Z,0,0,0
chrome://newtab/,1,2025-11-05T11:11:02.750Z,0,0,0
chrome://extensions/,5,2025-11-05T11:11:11.648Z,0,0,0
chrome://extensions/,11,2025-11-05T11:11:20.118Z,0,0,0
https://chatgpt.com/c/6909c656-6f8c-8321-80e0-a8f1f2177dd3,13,2025-11-05T11:11:26.604Z,0,0,0
file:///C:/Users/Tanvir/Desktop/green-browsing-tracker/popup.html,0,2025-11-05T11:58:16.301Z,0,0,0
file:///C:/Users/Tanvir/Desktop/green-browsing-tracker/popup.html,73,2025-11-05T11:58:16.865Z,0,0,0
https://www.google.com/search?q=style+inline&oq=style+inline&gs_lcrp=EgZjaHJvbWUyBggAEEUYOTIHCAEQABiABDIHCAIQABiABDIHCAMQABiABDIHCAQQABiABDIHCAUQABiABDIHCAYQABiABDIKCAcQABgKGBYYHjIICAgQABgWGB4yCAgJEAAYFhge0gEIODgwNmowajeoAgCwAgA&sourceid=chrome&ie=UTF-8,12,2025-11-05T11:58:17.811Z,0,0,0
file:///C:/Users/Tanvir/Desktop/green-browsing-tracker/popup.html,13,2025-11-05T11:58:18.983Z,0,0,0
chrome://extensions/,1,2025-11-05T12:07:20.105Z,0,0,0
chrome://extensions/,13,2025-11-05T12:07:23.709Z,0,0,0
chrome://extensions/,1,2025-11-05T12:23:14.278Z,0,0,0
chrome://extensions/,15,2025-11-05T12:23:41.697Z,0,0,0
file:///C:/Users/Tanvir/Desktop/green-browsing-tracker/popup.html,16,2025-11-05T12:23:43.676Z,0,0,0
chrome://newtab/,0,2025-11-05T12:24:17.467Z,0,0,0
chrome://newtab/,1,2025-11-05T12:24:17.541Z,817152,0.000117,0.000056
https://www.google.com/search?q=chrome-extension%3A%2F%2F%3Cyour-ljogdcghldnnfkjhjmpfpnfeodbclcck%3E%2Fpopup.html&oq=chrome-extension%3A%2F%2F%3Cyour-ljogdcghldnnfkjhjmpfpnfeodbclcck%3E%2Fpopup.html&gs_lcrp=EgZjaHJvbWUyBggAEEUYOdIBBzU5M2owajeoAgiwAgHxBd5qPG8epxFH&sourceid=chrome&ie=UTF-8,1,2025-11-05T12:24:24.034Z,0,0,0
https://www.google.com/search?q=chrome-extension%3A%2F%2F%3Cyour-ljogdcghldnnfkjhjmpfpnfeodbclcck%3E%2Fpopup.html&oq=chrome-extension%3A%2F%2F%3Cyour-ljogdcghldnnfkjhjmpfpnfeodbclcck%3E%2Fpopup.html&gs_lcrp=EgZjaHJvbWUyBggAEEUYOdIBBzU5M2owajeoAgiwAgHxBd5qPG8epxFH&sourceid=chrome&ie=UTF-8,18,2025-11-05T12:24:41.042Z,0,0,0
file:///C:/Users/Tanvir/Desktop/green-browsing-tracker/popup.html,0,2025-11-05T12:31:14.397Z,0,0,0
file:///C:/Users/Tanvir/Desktop/green-browsing-tracker/popup.html,10,2025-11-05T12:31:14.799Z,0,0,0
https://www.google.com/search?q=style+inline&oq=style+inline&gs_lcrp=EgZjaHJvbWUyBggAEEUYOTIHCAEQABiABDIHCAIQABiABDIHCAMQABiABDIHCAQQABiABDIHCAUQABiABDIHCAYQABiABDIKCAcQABgKGBYYHjIICAgQABgWGB4yCAgJEAAYFhge0gEIODgwNmowajeoAgCwAgA&sourceid=chrome&ie=UTF-8,6,2025-11-05T12:31:16.107Z,0,0,0
chrome://extensions/,29,2025-11-05T12:31:17.761Z,426391,0.000061,0.000029
https://www.wikidata.org/wiki/Wikidata:Main_Page,1,2025-11-05T12:31:19.323Z,0,0,0
https://www.wikidata.org/wiki/Wikidata:Main_Page,9,2025-11-05T12:31:22.020Z,0,0,0
https://chatgpt.com/c/6909c656-6f8c-8321-80e0-a8f1f2177dd3,0,2025-11-05T12:32:29.452Z,412805,0.000059,0.000028
https://chatgpt.com/c/6909c656-6f8c-8321-80e0-a8f1f2177dd3,4,2025-11-05T12:47:16.850Z,0,0,0
chrome://extensions/,4,2025-11-05T12:54:07.864Z,0,0,0
chrome://extensions/,24,2025-11-05T12:54:08.287Z,0,0,0
https://chatgpt.com/c/6909c656-6f8c-8321-80e0-a8f1f2177dd3,2,2025-11-05T12:55:41.090Z,0,0,0
chrome://extensions/,1,2025-11-05T12:56:18.061Z,0,0,0
chrome://extensions/?errors=ljogdcghldnnfkjhjmpfpnfeodbclcck,78,2025-11-05T12:56:24.635Z,0,0,0
chrome://extensions/?errors=ljogdcghldnnfkjhjmpfpnfeodbclcck,5,2025-11-05T12:56:35.932Z,0,0,0
https://chatgpt.com/c/6909c656-6f8c-8321-80e0-a8f1f2177dd3,18,2025-11-05T12:56:39.639Z,0,0,0
chrome://extensions/,6,2025-11-05T12:56:42.504Z,0,0,0
chrome://extensions/,42,2025-11-05T12:57:06.440Z,0,0,0
https://chatgpt.com/c/6909c656-6f8c-8321-80e0-a8f1f2177dd3,4,2025-11-05T12:57:37.170Z,0,0,0
https://chatgpt.com/c/6909c656-6f8c-8321-80e0-a8f1f2177dd3,1,2025-11-05T12:57:37.211Z,0,0,0
chrome://extensions/,1,2025-11-05T13:04:21.051Z,0,0,0
chrome://extensions/,1,2025-11-05T13:04:35.435Z,0,0,0
https://chatgpt.com/c/6909c656-6f8c-8321-80e0-a8f1f2177dd3,27,2025-11-05T13:04:36.139Z,0,0,0
https://www.wikidata.org/wiki/Wikidata:Main_Page,49,2025-11-05T13:04:37.009Z,859905,0.000123,0.000058
https://www.google.com/search?q=style+inline&oq=style+inline&gs_lcrp=EgZjaHJvbWUyBggAEEUYOTIHCAEQABiABDIHCAIQABiABDIHCAMQABiABDIHCAQQABiABDIHCAUQABiABDIHCAYQABiABDIKCAcQABgKGBYYHjIICAgQABgWGB4yCAgJEAAYFhge0gEIODgwNmowajeoAgCwAgA&sourceid=chrome&ie=UTF-8,0,2025-11-05T13:04:39.629Z,0,0,0
https://www.google.com/search?q=style+inline&oq=style+inline&gs_lcrp=EgZjaHJvbWUyBggAEEUYOTIHCAEQABiABDIHCAIQABiABDIHCAMQABiABDIHCAQQABiABDIHCAUQABiABDIHCAYQABiABDIKCAcQABgKGBYYHjIICAgQABgWGB4yCAgJEAAYFhge0gEIODgwNmowajeoAgCwAgA&sourceid=chrome&ie=UTF-8,3,2025-11-05T13:04:41.924Z,0,0,0
https://chatgpt.com/c/6909c656-6f8c-8321-80e0-a8f1f2177dd3,0,2025-11-05T13:06:21.685Z,0,0,0
https://chatgpt.com/c/6909c656-6f8c-8321-80e0-a8f1f2177dd3,18,2025-11-05T13:06:43.253Z,0,0,0
chrome://extensions/?errors=ljogdcghldnnfkjhjmpfpnfeodbclcck,41,2025-11-05T13:06:46.655Z,0,0,0
chrome://extensions/,2,2025-11-05T13:06:58.607Z,0,0,0
chrome://extensions/?errors=ljogdcghldnnfkjhjmpfpnfeodbclcck,1,2025-11-05T13:07:18.247Z,0,0,0
https://chatgpt.com/c/6909c656-6f8c-8321-80e0-a8f1f2177dd3,1,2025-11-05T13:07:55.211Z,0,0,0
https://chatgpt.com/,21,2025-11-05T13:08:09.439Z,0,0,0
https://chatgpt.com/c/690b4c3d-2790-8332-8e66-f769cfb428fa,21,2025-11-05T13:08:14.881Z,0,0,0
chrome://extensions/?errors=ljogdcghldnnfkjhjmpfpnfeodbclcck,0,2025-11-05T13:14:20.772Z,0,0,0
chrome://extensions/,0,2025-11-05T13:14:23.381Z,0,0,0
https://www.google.com/search?q=style+inline&oq=style+inline&gs_lcrp=EgZjaHJvbWUyBggAEEUYOTIHCAEQABiABDIHCAIQABiABDIHCAMQABiABDIHCAQQABiABDIHCAUQABiABDIHCAYQABiABDIKCAcQABgKGBYYHjIICAgQABgWGB4yCAgJEAAYFhge0gEIODgwNmowajeoAgCwAgA&sourceid=chrome&ie=UTF-8,0,2025-11-05T13:18:23.926Z,0,0,0
https://www.google.com/search?q=style+inline&oq=style+inline&gs_lcrp=EgZjaHJvbWUyBggAEEUYOTIHCAEQABiABDIHCAIQABiABDIHCAMQABiABDIHCAQQABiABDIHCAUQABiABDIHCAYQABiABDIKCAcQABgKGBYYHjIICAgQABgWGB4yCAgJEAAYFhge0gEIODgwNmowajeoAgCwAgA&sourceid=chrome&ie=UTF-8,1,2025-11-05T13:18:29.149Z,0,0,0
https://chatgpt.com/c/690b4c3d-2790-8332-8e66-f769cfb428fa,41,2025-11-05T13:18:31.649Z,2734496,0.000391,0.000186
https://www.youtube.com/watch?v=MtZAeGyubg0,13,2025-11-05T13:18:34.973Z,0,0,0
https://www.youtube.com/watch?v=MtZAeGyubg0,441,2025-11-05T13:18:36.891Z,0,0,0
https://www.bathandbodyworks.com/p/gingham-gorgeous-travel-size-fine-fragrance-mist-028003819,1,2025-11-05T13:18:39.886Z,0,0,0
https://www.bathandbodyworks.com/p/gingham-gorgeous-travel-size-fine-fragrance-mist-028003819,46,2025-11-05T13:18:43.071Z,0,0,0
chrome://extensions/,14,2025-11-05T13:19:15.624Z,0,0,0
https://www.youtube.com/watch?v=MtZAeGyubg0,0,2025-11-05T13:28:30.663Z,0,0,0
https://www.youtube.com/watch?v=MtZAeGyubg0,4,2025-11-05T13:29:28.845Z,0,0,0
chrome://extensions/,24,2025-11-05T13:29:30.988Z,0,0,0
chrome://extensions/,1,2025-11-05T13:30:49.620Z,0,0,0
https://chatgpt.com/c/690b4c3d-2790-8332-8e66-f769cfb428fa,1,2025-11-05T13:34:37.497Z,0,0,0
chrome://extensions/,1,2025-11-05T13:35:56.015Z,0,0,0
chrome://extensions/,6,2025-11-05T13:35:57.832Z,0,0,0
https://chatgpt.com/c/690b4c3d-2790-8332-8e66-f769cfb428fa,0,2025-11-05T13:35:59.308Z,0,0,0
https://www.google.com/search?q=style+inline&oq=style+inline&gs_lcrp=EgZjaHJvbWUyBggAEEUYOTIHCAEQABiABDIHCAIQABiABDIHCAMQABiABDIHCAQQABiABDIHCAUQABiABDIHCAYQABiABDIKCAcQABgKGBYYHjIICAgQABgWGB4yCAgJEAAYFhge0gEIODgwNmowajeoAgCwAgA&sourceid=chrome&ie=UTF-8,1,2025-11-05T13:36:00.228Z,757576,0.000108,0.000051
chrome://extensions/,27,2025-11-05T13:36:02.146Z,0,0,0
https://chatgpt.com/c/690b4c3d-2790-8332-8e66-f769cfb428fa,19,2025-11-05T13:36:16.256Z,0,0,0
chrome://newtab/,0,2025-11-05T13:36:16.501Z,0,0,0
https://www.facebook.com/,1,2025-11-05T13:36:22.984Z,0,0,0
https://www.youtube.com/watch?v=MtZAeGyubg0,0,2025-11-05T13:37:12.120Z,0,0,0
https://www.youtube.com/watch?v=MtZAeGyubg0,1,2025-11-05T13:37:28.251Z,0,0,0
https://www.youtube.com/watch?v=MtZAeGyubg0,1,2025-11-05T13:37:47.700Z,0,0,0
https://www.youtube.com/results?search_query=Green+Browsing+Tracker,7,2025-11-05T13:37:47.734Z,0,0,0
https://www.youtube.com/results?search_query=green+browsing+tracker+network,0,2025-11-05T13:38:41.168Z,0,0,0
https://www.youtube.com/results?search_query=browser+extension+carbon,10,2025-11-05T13:39:07.121Z,0,0,0
https://www.youtube.com/watch?v=1JR4pnlpddE,0,2025-11-05T13:39:49.944Z,0,0,0
https://chatgpt.com/c/690b4c3d-2790-8332-8e66-f769cfb428fa,0,2025-11-05T13:41:26.384Z,0,0,0
https://chatgpt.com/c/6909c656-6f8c-8321-80e0-a8f1f2177dd3,0,2025-11-05T13:41:57.909Z,0,0,0
https://chatgpt.com/c/690b4c3d-2790-8332-8e66-f769cfb428fa,0,2025-11-05T13:43:35.181Z,0,0,0
chrome://extensions/,7,2025-11-05T16:29:45.479Z,0,0,0
chrome://extensions/,1,2025-11-05T16:29:45.722Z,0,0,0
chrome://extensions/,7,2025-11-05T16:30:08.096Z,0,0,0
https://chatgpt.com/c/690b4c3d-2790-8332-8e66-f769cfb428fa,15,2025-11-05T16:30:15.313Z,0,0,0
chrome://extensions/?errors=ljogdcghldnnfkjhjmpfpnfeodbclcck,119,2025-11-05T16:30:16.666Z,0,0,0
chrome://extensions/?errors=ljogdcghldnnfkjhjmpfpnfeodbclcck,0,2025-11-05T16:30:29.101Z,0,0,0
chrome://extensions/?errors=ljogdcghldnnfkjhjmpfpnfeodbclcck,1,2025-11-05T16:34:52.795Z,0,0,0
chrome://extensions/,7,2025-11-05T16:34:54.981Z,0,0,0
chrome://extensions/?errors=ljogdcghldnnfkjhjmpfpnfeodbclcck,1,2025-11-05T16:34:58.273Z,0,0,0
chrome://extensions/,1,2025-11-05T16:35:01.115Z,0,0,0
chrome://extensions/,36,2025-11-05T16:38:27.276Z,0,0,0
https://www.google.com/search?q=chrome-extension%3A%2F%2F%3Cyour-ljogdcghldnnfkjhjmpfpnfeodbclcck%3E%2Fpopup.html&oq=chrome-extension%3A%2F%2F%3Cyour-ljogdcghldnnfkjhjmpfpnfeodbclcck%3E%2Fpopup.html&gs_lcrp=EgZjaHJvbWUyBggAEEUYOdIBBzU5M2owajeoAgiwAgHxBd5qPG8epxFH&sourceid=chrome&ie=UTF-8,37,2025-11-05T16:38:29.065Z,1434327,0.000205,0.000097
https://chatgpt.com/c/690b4c3d-2790-8332-8e66-f769cfb428fa,1,2025-11-05T16:44:37.542Z,0,0,0
https://chatgpt.com/c/690b4c3d-2790-8332-8e66-f769cfb428fa,16,2025-11-05T16:44:58.382Z,0,0,0
https://www.youtube.com/watch?v=1JR4pnlpddE,9,2025-11-05T16:44:59.871Z,0,0,0
chrome://extensions/,30,2025-11-05T16:45:03.157Z,0,0,0
chrome://extensions/,2,2025-11-05T16:46:09.509Z,0,0,0
https://chatgpt.com/c/690b4c3d-2790-8332-8e66-f769cfb428fa,1,2025-11-05T17:07:12.208Z,0,0,0
chrome://extensions/,0,2025-11-05T17:09:46.057Z,0,0,0
https://www.youtube.com/watch?v=1JR4pnlpddE,0,2025-11-05T17:14:38.667Z,1511946,0.000216,0.000103
https://www.youtube.com/watch?v=1JR4pnlpddE,5,2025-11-05T17:14:52.846Z,0,0,0
chrome://extensions/,1,2025-11-05T17:21:35.574Z,0,0,0
https://chatgpt.com/c/690b4c3d-2790-8332-8e66-f769cfb428fa,2,2025-11-05T17:23:00.577Z,0,0,0
chrome://newtab/,1,2025-11-05T17:26:03.855Z,0,0,0
chrome://extensions/,1,2025-11-06T10:35:29.224Z,0,0,0
chrome://extensions/,95,2025-11-06T10:35:51.134Z,0,0,0
chrome://newtab/,40,2025-11-06T10:35:51.529Z,0,0,0
https://www.victoriassecret.com/us/,380,2025-11-06T10:35:55.243Z,0,0,0
chrome://newtab/,83,2025-11-06T10:35:55.293Z,3046752,0.000436,0.000207
chrome://newtab/,7,2025-11-06T10:35:58.639Z,0,0,0
chrome://newtab/,43,2025-11-06T10:35:59.090Z,0,0,0
https://www.youtube.com/,16,2025-11-06T10:36:01.218Z,1305214,0.000187,0.000089
https://www.victoriassecret.com/us/vs/sale,28,2025-11-06T10:36:38.925Z,0,0,0
https://www.bathandbodyworks.com/cart,22,2025-11-06T10:36:53.501Z,2913142,0.000417,0.000198
https://www.victoriassecret.com/us/vs/sale,0,2025-11-06T10:37:02.113Z,0,0,0
https://www.victoriassecret.com/us/vs/sale/clearance-beauty,0,2025-11-06T10:37:05.111Z,0,0,0
https://www.victoriassecret.com/us/vs/sale/clearance-beauty,18,2025-11-06T10:37:06.757Z,0,0,0
https://www.victoriassecret.com/us/vs/sale/clearance-beauty,4,2025-11-06T10:37:08.390Z,0,0,0
https://www.victoriassecret.com/us/vs/sale/clearance-beauty?scroll=true,0,2025-11-06T10:37:09.679Z,0,0,0
https://www.bathandbodyworks.com/cart,4,2025-11-06T10:37:46.186Z,0,0,0
chrome://newtab/,1,2025-11-06T10:37:49.444Z,0,0,0
https://www.victoriassecret.com/us/,2,2025-11-06T10:37:57.763Z,0,0,0
chrome://newtab/,2,2025-11-06T10:38:57.916Z,1274808,0.000182,0.000087
https://chatgpt.com/,7,2025-11-06T10:39:14.781Z,0,0,0
https://chatgpt.com/c/690b4c3d-2790-8332-8e66-f769cfb428fa,21,2025-11-06T10:39:19.026Z,0,0,0
chrome://extensions/,174,2025-11-06T10:44:03.021Z,0,0,0
https://chatgpt.com/c/690b4c3d-2790-8332-8e66-f769cfb428fa,0,2025-11-06T10:47:15.815Z,0,0,0
https://chatgpt.com/c/690b4c3d-2790-8332-8e66-f769cfb428fa,11,2025-11-06T10:49:42.425Z,0,0,0
https://chatgpt.com/c/690b4c3d-2790-8332-8e66-f769cfb428fa,0,2025-11-06T10:50:38.468Z,0,0,0
chrome://extensions/,1,2025-11-06T10:54:57.609Z,0,0,0
https://chatgpt.com/c/690b4c3d-2790-8332-8e66-f769cfb428fa,1,2025-11-06T10:59:00.612Z,0,0,0
chrome://extensions/,1,2025-11-06T11:00:03.817Z,0,0,0
https://www.victoriassecret.com/us/,27,2025-11-06T11:02:09.805Z,0,0,0
https://www.victoriassecret.com/us/,2,2025-11-06T11:02:11.049Z,0,0,0
https://chatgpt.com/c/690b4c3d-2790-8332-8e66-f769cfb428fa,0,2025-11-06T11:03:12.577Z,0,0,0
chrome://extensions/,1,2025-11-06T11:08:23.725Z,0,0,0
https://chatgpt.com/c/690b4c3d-2790-8332-8e66-f769cfb428fa,1,2025-11-06T11:09:23.398Z,0,0,0
chrome://extensions/,2,2025-11-06T11:14:26.725Z,0,0,0
chrome://extensions/,7,2025-11-06T11:14:41.659Z,0,0,0
https://chatgpt.com/c/690b4c3d-2790-8332-8e66-f769cfb428fa,16,2025-11-06T11:14:44.414Z,0,0,0
https://www.victoriassecret.com/us/,6,2025-11-06T11:14:47.835Z,0,0,0
chrome://extensions/,1,2025-11-06T11:17:58.477Z,0,0,0
https://www.youtube.com/,1,2025-11-06T11:19:21.734Z,1651548,0.000236,0.000112
https://www.youtube.com/,4,2025-11-06T11:19:25.634Z,0,0,0
https://www.youtube.com/,7,2025-11-06T11:19:30.225Z,0,0,0
https://chatgpt.com/c/690b4c3d-2790-8332-8e66-f769cfb428fa,151,2025-11-06T11:36:10.040Z,0,0,0
chrome://extensions/,0,2025-11-06T11:38:44.937Z,0,0,0
chrome://extensions/,6,2025-11-06T11:39:10.288Z,0,0,0
chrome://extensions/,0,2025-11-06T11:39:45.691Z,0,0,0
https://chatgpt.com/c/690b4c3d-2790-8332-8e66-f769cfb428fa,0,2025-11-06T11:40:23.051Z,0,0,0
chrome://extensions/,2,2025-11-06T11:41:30.331Z,0,0,0
,6,2025-11-06T11:43:07.787Z,0,0,0
chrome://newtab/,0,2025-11-06T11:43:07.994Z,1167723,0.000167,0.000079
https://www.google.com/search?q=linear+gradient+css&oq=linear+gra&gs_lcrp=EgZjaHJvbWUqBwgBEAAYgAQyBwgAEAAYgAQyBwgBEAAYgAQyBwgCEAAYgAQyBggDEEUYOTIHCAQQABiABDIHCAUQABiABDIHCAYQABiABDIHCAcQABiABDIHCAgQABiABDIHCAkQABiABNIBCDU4ODNqMGo3qAIIsAIB8QUx8Iyf8YYY5Q&sourceid=chrome&ie=UTF-8,0,2025-11-06T11:43:17.828Z,1327876,0.000190,0.000090
https://www.w3schools.com/css/css3_gradients.asp,2,2025-11-06T11:43:21.674Z,0,0,0
chrome://extensions/,0,2025-11-06T11:44:50.607Z,0,0,0
https://www.youtube.com/,0,2025-11-06T11:52:40.630Z,2158168,0.000309,0.000147
https://www.youtube.com/,2,2025-11-06T11:52:44.659Z,0,0,0
https://www.youtube.com/watch?v=6eWh39TITxo,2,2025-11-06T11:56:22.270Z,0,0,0
https://www.youtube.com/watch?v=b48AN_8wokU,26,2025-11-06T14:54:08.367Z,0,0,0
chrome://newtab/,1,2025-11-06T14:57:08.694Z,0,0,0
chrome://newtab/,1,2025-11-06T14:57:08.751Z,0,0,0
https://www.facebook.com/,1,2025-11-06T14:57:15.793Z,0,0,0
https://www.youtube.com/watch?v=b48AN_8wokU,20,2025-11-06T15:51:10.920Z,1458289,0.000209,0.000099
https://www.youtube.com/watch?v=b48AN_8wokU,14,2025-11-06T15:51:18.602Z,0,0,0
https://www.youtube.com/watch?v=b48AN_8wokU,4,2025-11-06T15:51:45.506Z,0,0,0
https://www.facebook.com/,11,2025-11-06T15:52:05.142Z,0,0,0
https://chatgpt.com/c/690b4c3d-2790-8332-8e66-f769cfb428fa,1876,2025-11-06T15:52:28.907Z,0,0,0
https://www.facebook.com/,1,2025-11-06T15:52:48.933Z,0,0,0
,1,2025-11-06T16:46:05.992Z,0,0,0
chrome://newtab/,2,2025-11-06T16:46:06.323Z,1031153,0.000148,0.000070
https://www.google.com/search?q=summarizing+tool&oq=summerri&gs_lcrp=EgZjaHJvbWUqCQgEEAAYChiABDIGCAAQRRg5MgwIARAAGAoYsQMYgAQyDwgCEAAYChiDARixAxiABDIJCAMQABgKGIAEMgkIBBAAGAoYgAQyCQgFEAAYChiABDIJCAYQABgKGIAEMgkIBxAAGAoYgAQyCQgIEAAYChiABDIJCAkQABgKGIAE0gEINjI2MGowajeoAgiwAgHxBbybAu-wwQwh8QW8mwLvsMEMIQ&sourceid=chrome&ie=UTF-8,2,2025-11-06T16:46:16.286Z,0,0,0
https://quillbot.com/summarize,3,2025-11-06T16:46:22.465Z,0,0,0
https://quillbot.com/paraphrasing-tool?referrer=side_navbar,14,2025-11-06T16:47:35.825Z,0,0,0
https://quillbot.com/paraphrasing-tool,23,2025-11-06T16:47:36.022Z,0,0,0
https://quillbot.com/ai-humanizer?referrer=side_navbar,1,2025-11-06T16:48:15.401Z,0,0,0
https://quillbot.com/ai-humanizer,2,2025-11-06T16:48:15.621Z,0,0,0
https://quillbot.com/ai-humanizer,2,2025-11-06T16:48:16.547Z,0,0,0
https://quillbot.com/ai-humanizer,9,2025-11-06T16:57:50.301Z,0,0,0
chrome://newtab/,1,2025-11-07T04:53:01.932Z,0,0,0
chrome://newtab/,125,2025-11-07T04:53:01.952Z,0,0,0
chrome://newtab/,13,2025-11-07T04:53:02.056Z,1135689,0.000162,0.000077
https://www.google.com/search?q=chatgpt&oq=&gs_lcrp=EgZjaHJvbWUqCQgAECMYJxjqAjIJCAAQIxgnGOoCMgkIARAjGCcY6gIyCQgCECMYJxjqAjIJCAMQIxgnGOoCMgkIBBAjGCcY6gIyCQgFECMYJxjqAjIJCAYQLhgnGOoCMgkIBxAjGCcY6gLSAQw4OTk0NjA2MWowajeoAgiwAgHxBeL7yA4UXDVm&sourceid=chrome&ie=UTF-8,4,2025-11-07T04:53:17.482Z,0,0,0
chrome://newtab/,4,2025-11-07T04:53:17.701Z,692918,0.000099,0.000047
https://www.bathandbodyworks.com/cart,11,2025-11-07T04:53:21.790Z,0,0,0
https://www.bathandbodyworks.com/p/frosted-cranberry-3-wick-candle-028022013,2,2025-11-07T04:53:50.156Z,0,0,0
https://www.bathandbodyworks.com/cart,8,2025-11-07T04:53:52.491Z,0,0,0
chrome://newtab/,5,2025-11-07T04:54:26.306Z,0,0,0
chrome://newtab/,1,2025-11-07T04:54:26.435Z,0,0,0
https://www.youtube.com/,10,2025-11-07T04:54:28.855Z,0,0,0
chrome://newtab/,0,2025-11-07T04:54:28.966Z,1512434,0.000216,0.000103
chrome://newtab/,17,2025-11-07T04:54:39.904Z,1271792,0.000182,0.000086
https://chatgpt.com/,2,2025-11-07T04:54:45.508Z,0,0,0
https://chatgpt.com/,15,2025-11-07T04:54:47.947Z,0,0,0
https://www.youtube.com/,5,2025-11-07T05:01:28.631Z,0,0,0
https://www.youtube.com/watch?v=7x-oK-5UN_o,6,2025-11-07T05:01:33.802Z,0,0,0
https://www.youtube.com/watch?v=rgoma_g-gNU,2,2025-11-07T05:01:51.641Z,0,0,0
chrome://newtab/,86,2025-11-07T05:11:25.866Z,0,0,0
chrome://newtab/,2,2025-11-07T05:11:26.056Z,0,0,0
chrome://extensions/,0,2025-11-07T05:11:36.640Z,0,0,0
https://www.youtube.com/watch?v=rgoma_g-gNU,0,2025-11-07T05:14:19.551Z,0,0,0
https://chatgpt.com/,1,2025-11-07T05:15:14.358Z,360187,0.000052,0.000024
https://chatgpt.com/,12,2025-11-07T05:15:18.504Z,0,0,0
https://chatgpt.com/c/690b4c3d-2790-8332-8e66-f769cfb428fa,27,2025-11-07T05:15:18.953Z,0,0,0
chrome://newtab/,6,2025-11-07T05:19:09.668Z,0,0,0
chrome://newtab/,1,2025-11-07T05:19:09.777Z,0,0,0
https://www.facebook.com/,1,2025-11-07T05:19:15.525Z,0,0,0
chrome://newtab/,1,2025-11-07T05:22:14.527Z,0,0,0
chrome://newtab/,1,2025-11-07T05:22:14.718Z,1147599,0.000164,0.000078
https://www.google.com/search?q=draw+io&oq=draw&gs_lcrp=EgZjaHJvbWUqDAgBECMYJxiABBiKBTIMCAAQRRg5GLEDGIAEMgwIARAjGCcYgAQYigUyCggCEAAYsQMYgAQyCggDEAAYsQMYgAQyCggEEAAYsQMYgAQyBwgFEAAYgAQyBwgGEAAYgAQyCggHEAAYsQMYgAQyBwgIEAAYjwIyBwgJEAAYjwLSAQg0NDQwajBqN6gCALACAA&sourceid=chrome&ie=UTF-8,10,2025-11-07T05:22:22.294Z,0,0,0
https://www.facebook.com/,5,2025-11-07T05:22:27.006Z,0,0,0
https://www.drawio.com/,1,2025-11-07T05:22:31.884Z,0,0,0
https://www.drawio.com/,2,2025-11-07T05:22:35.690Z,0,0,0
https://app.diagrams.net/?src=about,1,2025-11-07T05:22:37.242Z,0,0,0
https://chatgpt.com/c/690b4c3d-2790-8332-8e66-f769cfb428fa,1,2025-11-07T05:26:31.051Z,0,0,0
https://app.diagrams.net/?src=about,0,2025-11-07T05:28:11.710Z,0,0,0
chrome://newtab/,0,2025-11-07T05:29:32.387Z,0,0,0
chrome://newtab/,0,2025-11-07T05:29:32.504Z,1014787,0.000145,0.000069
https://www.google.com/search?q=methodology+diagram&oq=methodology+&gs_lcrp=EgZjaHJvbWUqBwgEEAAYgAQyBwgAEAAYjwIyDQgBEAAYkQIYgAQYigUyDQgCEAAYkQIYgAQYigUyBwgDEAAYgAQyBwgEEAAYgAQyBwgFEAAYgAQyBwgGEAAYgAQyBwgHEAAYgAQyBwgIEAAYgAQyBwgJEAAYgATSAQg2NTc0ajBqN6gCCLACAfEFRfRWAHoUWnc&sourceid=chrome&ie=UTF-8,0,2025-11-07T05:29:42.927Z,0,0,0
https://www.google.com/search?q=methodology+diagram&oq=methodology+&gs_lcrp=EgZjaHJvbWUqBwgEEAAYgAQyBwgAEAAYjwIyDQgBEAAYkQIYgAQYigUyDQgCEAAYkQIYgAQYigUyBwgDEAAYgAQyBwgEEAAYgAQyBwgFEAAYgAQyBwgGEAAYgAQyBwgHEAAYgAQyBwgIEAAYgAQyBwgJEAAYgATSAQg2NTc0ajBqN6gCCLACAfEFRfRWAHoUWnc&sourceid=chrome&ie=UTF-8#vhid=eXhaLMRndyKREM&vssid=_xIMNacjXLO6H4-EPm5uu4A0_66,3,2025-11-07T05:29:48.465Z,1562198,0.000223,0.000106
https://www.google.com/search?sca_esv=3a209260479b6c25&sxsrf=AE3TifOBZMmobJT0V6KkEp9WoMXpglzPJw:1762493380736&udm=2&fbs=AIIjpHxU7SXXniUZfeShr2fp4giZ1Y6MJ25_tmWITc7uy4KIeoJTKjrFjVxydQWqI2NcOha3O1YqG67F0QIhAOFN_ob1xGdzU5Cnyn-oUzTul2B5TfPM2NnDzLPgL0CyoIAnI3Srqd2tcFKQh3WESJaZH1ZGMijQl0ltYBjBFN7NwtbCizu68Vr7jinBq_ihPKvaRgDmTgShOzXMuvIyVGrX4ntcS4_MEw&q=methodology+diagram&sa=X&ved=2ahUKEwjIyYK_p9-QAxXuwzgGHZuNC9wQtKgLegQICxAB&biw=917&bih=765&dpr=1,1,2025-11-07T05:30:02.695Z,0,0,0
https://www.google.com/search?sca_esv=3a209260479b6c25&sxsrf=AE3TifOBZMmobJT0V6KkEp9WoMXpglzPJw:1762493380736&udm=2&fbs=AIIjpHxU7SXXniUZfeShr2fp4giZ1Y6MJ25_tmWITc7uy4KIeoJTKjrFjVxydQWqI2NcOha3O1YqG67F0QIhAOFN_ob1xGdzU5Cnyn-oUzTul2B5TfPM2NnDzLPgL0CyoIAnI3Srqd2tcFKQh3WESJaZH1ZGMijQl0ltYBjBFN7NwtbCizu68Vr7jinBq_ihPKvaRgDmTgShOzXMuvIyVGrX4ntcS4_MEw&q=methodology+diagram&sa=X&ved=2ahUKEwjIyYK_p9-QAxXuwzgGHZuNC9wQtKgLegQICxAB&biw=917&bih=765&dpr=1#vhid=0zZPJMDqjvbTDM&vssid=mosaic,1,2025-11-07T05:30:23.722Z,0,0,0
https://www.google.com/search?sca_esv=3a209260479b6c25&sxsrf=AE3TifOBZMmobJT0V6KkEp9WoMXpglzPJw:1762493380736&udm=2&fbs=AIIjpHxU7SXXniUZfeShr2fp4giZ1Y6MJ25_tmWITc7uy4KIeoJTKjrFjVxydQWqI2NcOha3O1YqG67F0QIhAOFN_ob1xGdzU5Cnyn-oUzTul2B5TfPM2NnDzLPgL0CyoIAnI3Srqd2tcFKQh3WESJaZH1ZGMijQl0ltYBjBFN7NwtbCizu68Vr7jinBq_ihPKvaRgDmTgShOzXMuvIyVGrX4ntcS4_MEw&q=methodology+diagram&sa=X&ved=2ahUKEwjIyYK_p9-QAxXuwzgGHZuNC9wQtKgLegQICxAB&biw=917&bih=765&dpr=1#vhid=0zZPJMDqjvbTDM&vssid=mosaic,9,2025-11-07T05:30:30.957Z,0,0,0
https://app.diagrams.net/?src=about,19,2025-11-07T05:30:51.279Z,0,0,0
https://www.google.com/search?sca_esv=3a209260479b6c25&sxsrf=AE3TifOBZMmobJT0V6KkEp9WoMXpglzPJw:1762493380736&udm=2&fbs=AIIjpHxU7SXXniUZfeShr2fp4giZ1Y6MJ25_tmWITc7uy4KIeoJTKjrFjVxydQWqI2NcOha3O1YqG67F0QIhAOFN_ob1xGdzU5Cnyn-oUzTul2B5TfPM2NnDzLPgL0CyoIAnI3Srqd2tcFKQh3WESJaZH1ZGMijQl0ltYBjBFN7NwtbCizu68Vr7jinBq_ihPKvaRgDmTgShOzXMuvIyVGrX4ntcS4_MEw&q=methodology+diagram&sa=X&ved=2ahUKEwjIyYK_p9-QAxXuwzgGHZuNC9wQtKgLegQICxAB&biw=917&bih=765&dpr=1#vhid=0zZPJMDqjvbTDM&vssid=mosaic,5,2025-11-07T05:30:53.885Z,1257336,0.000180,0.000085
https://www.geeksforgeeks.org/system-design/booch-methodology-in-object-oriented-analysis-and-designooad/,11,2025-11-07T05:30:58.923Z,0,0,0
https://www.geeksforgeeks.org/system-design/booch-methodology-in-object-oriented-analysis-and-designooad/,441,2025-11-07T05:31:11.922Z,0,0,0
https://www.geeksforgeeks.org/system-design/booch-methodology-in-object-oriented-analysis-and-designooad/,0,2025-11-07T05:32:34.556Z,0,0,0
https://www.geeksforgeeks.org/system-design/booch-methodology-in-object-oriented-analysis-and-designooad/,6,2025-11-07T05:32:41.016Z,0,0,0
https://www.geeksforgeeks.org/system-design/booch-methodology-in-object-oriented-analysis-and-designooad/,1,2025-11-07T05:34:17.259Z,0,0,0
https://www.geeksforgeeks.org/system-design/booch-methodology-in-object-oriented-analysis-and-designooad/,9,2025-11-07T05:34:21.590Z,0,0,0
https://www.geeksforgeeks.org/system-design/booch-methodology-in-object-oriented-analysis-and-designooad/,8,2025-11-07T05:35:58.534Z,0,0,0
https://app.diagrams.net/?src=about,1,2025-11-07T05:36:35.618Z,0,0,0
https://app.diagrams.net/?src=about,34,2025-11-07T05:36:52.422Z,0,0,0
https://www.geeksforgeeks.org/system-design/booch-methodology-in-object-oriented-analysis-and-designooad/,4,2025-11-07T05:36:54.840Z,0,0,0
https://chatgpt.com/c/690b4c3d-2790-8332-8e66-f769cfb428fa,0,2025-11-07T05:47:06.295Z,0,0,0
https://www.youtube.com/watch?v=rgoma_g-gNU,1,2025-11-07T05:47:56.565Z,2388500,0.000342,0.000162
https://app.diagrams.net/?src=about,0,2025-11-07T05:49:47.258Z,0,0,0
https://chatgpt.com/c/690b4c3d-2790-8332-8e66-f769cfb428fa,0,2025-11-07T05:51:24.804Z,0,0,0
https://chatgpt.com/c/690b4c3d-2790-8332-8e66-f769cfb428fa,8,2025-11-07T05:51:37.448Z,0,0,0
https://chatgpt.com/c/690b4c3d-2790-8332-8e66-f769cfb428fa,1,2025-11-07T05:54:23.349Z,0,0,0
https://chatgpt.com/c/690b4c3d-2790-8332-8e66-f769cfb428fa,12,2025-11-07T05:54:44.523Z,0,0,0
https://www.drawio.com/,1,2025-11-07T05:55:20.022Z,35255,0.000005,0.000002
https://www.drawio.com/,16,2025-11-07T05:55:20.394Z,0,0,0
https://www.drawio.com/,53,2025-11-07T05:55:20.914Z,0,0,0
https://app.diagrams.net/?src=about,17,2025-11-07T05:55:22.249Z,0,0,0
https://chatgpt.com/c/690b4c3d-2790-8332-8e66-f769cfb428fa,11,2025-11-07T05:55:48.077Z,0,0,0
https://www.drawio.com/,25,2025-11-07T05:55:49.312Z,0,0,0
https://chatgpt.com/c/690b4c3d-2790-8332-8e66-f769cfb428fa,0,2025-11-07T05:57:15.603Z,0,0,0
https://chatgpt.com/c/690b4c3d-2790-8332-8e66-f769cfb428fa,27,2025-11-07T05:57:23.151Z,0,0,0
https://chatgpt.com/c/690b4c3d-2790-8332-8e66-f769cfb428fa,2,2025-11-07T07:35:51.374Z,0,0,0
https://app.diagrams.net/?src=about,0,2025-11-07T07:37:55.289Z,0,0,0
https://app.diagrams.net/?src=about,2,2025-11-07T07:38:05.522Z,0,0,0
https://chatgpt.com/c/690b4c3d-2790-8332-8e66-f769cfb428fa,2,2025-11-07T07:38:12.234Z,0,0,0
https://app.diagrams.net/?src=about,15,2025-11-07T07:38:17.861Z,0,0,0
https://chatgpt.com/c/690b4c3d-2790-8332-8e66-f769cfb428fa,13,2025-11-07T07:38:20.049Z,0,0,0
https://app.diagrams.net/?src=about,21,2025-11-07T07:38:29.228Z,0,0,0
https://chatgpt.com/c/690b4c3d-2790-8332-8e66-f769cfb428fa,17,2025-11-07T07:38:33.131Z,0,0,0
https://app.diagrams.net/?src=about,13,2025-11-07T07:38:34.831Z,0,0,0
https://chatgpt.com/c/690b4c3d-2790-8332-8e66-f769cfb428fa,18,2025-11-07T07:38:39.904Z,0,0,0
https://chatgpt.com/c/690b4c3d-2790-8332-8e66-f769cfb428fa,1,2025-11-07T07:39:29.790Z,0,0,0
https://app.diagrams.net/?src=about,0,2025-11-07T07:40:23.064Z,0,0,0
,1,2025-11-07T07:41:03.936Z,0,0,0
https://www.grammarly.com/signin/app?auth_cid=WIN-6ade8e32-e63e-4d07-af82-413b18c9ff24&utm_campaign=windowsExtension-inlineCard&oauth_client_type=NATIVE&utm_medium=internal&acr_values=idp:google&correlation_id=e63c797a-5054-47aa-93d5-c6b7689f94bc&version=v4&client_id=windowsExtension&utm_source=signinHook,7,2025-11-07T07:41:06.128Z,1133865,0.000162,0.000077
https://chatgpt.com/c/690b4c3d-2790-8332-8e66-f769cfb428fa,1,2025-11-07T07:42:35.356Z,0,0,0
https://chatgpt.com/c/690b4c3d-2790-8332-8e66-f769cfb428fa,10,2025-11-07T07:42:42.196Z,0,0,0
https://app.diagrams.net/?src=about,14,2025-11-07T07:42:43.929Z,0,0,0
https://chatgpt.com/c/690b4c3d-2790-8332-8e66-f769cfb428fa,20,2025-11-07T07:42:50.303Z,0,0,0
https://app.diagrams.net/?src=about,7,2025-11-07T07:42:57.227Z,0,0,0
https://chatgpt.com/c/690b4c3d-2790-8332-8e66-f769cfb428fa,23,2025-11-07T07:43:01.929Z,0,0,0
https://chatgpt.com/c/690b4c3d-2790-8332-8e66-f769cfb428fa,0,2025-11-07T07:43:47.478Z,0,0,0
https://chatgpt.com/c/690b4c3d-2790-8332-8e66-f769cfb428fa,14,2025-11-07T07:44:06.269Z,0,0,0
https://chatgpt.com/c/690b4c3d-2790-8332-8e66-f769cfb428fa,2,2025-11-07T07:47:50.625Z,0,0,0
https://chatgpt.com/c/690b4c3d-2790-8332-8e66-f769cfb428fa,7,2025-11-07T07:48:18.667Z,0,0,0
https://chatgpt.com/c/690b4c3d-2790-8332-8e66-f769cfb428fa,1,2025-11-07T07:48:54.387Z,0,0,0
https://app.diagrams.net/?src=about,1,2025-11-07T07:49:54.896Z,0,0,0
https://chatgpt.com/c/690b4c3d-2790-8332-8e66-f769cfb428fa,1,2025-11-07T07:50:49.496Z,0,0,0
https://chatgpt.com/c/690b4c3d-2790-8332-8e66-f769cfb428fa,16,2025-11-07T07:51:12.649Z,0,0,0
https://chatgpt.com/c/690b4c3d-2790-8332-8e66-f769cfb428fa,18,2025-11-07T08:03:35.199Z,0,0,0
https://chatgpt.com/c/690b4c3d-2790-8332-8e66-f769cfb428fa,21,2025-11-07T08:03:41.398Z,0,0,0
https://app.diagrams.net/?src=about,171,2025-11-07T08:03:43.315Z,0,0,0
https://www.drawio.com/,2,2025-11-07T08:03:44.663Z,0,0,0
https://app.diagrams.net/?src=about,2,2025-11-07T08:03:50.170Z,0,0,0
https://accounts.google.com/v3/signin/accountchooser?client_id=913728339568-tjccmfojammmqs9q0kunokb507mpjqum.apps.googleusercontent.com&disallow_webview=true&nonce=fBTrI15ehcDbE8AdEnefm4bVBIw2Rc&prompt=select_account&redirect_uri=https%3A%2F%2Fwww.grammarly.com%2Fsocial%2Fredirect&response_type=code&scope=email+profile+openid&state=9fbbXQLTo26rtuILq7NPoFIU2vjbFw&dsh=S-1776831816%3A1762501268426757&o2v=2&service=lso&flowName=GeneralOAuthFlow&opparams=%253Fdisallow_webview%253Dtrue&continue=https%3A%2F%2Faccounts.google.com%2Fsignin%2Foauth%2Fconsent%3Fauthuser%3Dunknown%26part%3DAJi8hAOluBSmIZI5R-YWG7bm_fAAijwxVDjvjKrJbXCIiGCQ-28fa1zEaoZzs12sUnaWteMlH1c5I8QSY8V2r-hDatHEPluSZ-bzot2WotMwCdBtP3E9hBvPgl4X5IWxF9D2votLSM6YSZLDRc7pIlR6SpiYS6oun30uF9kV1U-_YRxayzM1QgG0xRZJnYzuSAcEYJIoHIS2XgHWhCB2BBBG9gmSDCIjPY0GKM3qKUgcnBHrnIXakMlrkN5o9-U232lpgEcR4L_f0_56TFaBNiK_-gKy5BI0VzPNXlToRSxiPmICX--iOawetP3r6MhNG3oZTT6cH0rIVjhKZLIYttG1sra9ZTfaC-dOMaGKzFgiR88pLDhcDszMVr2gHI7gwFAXkhxF6VWrIvFOL4oEzgZwatqiixRN3koE-u3iFQZO15Z3DzuOOrYFMCpZKlj1kkHYXBfANPleq417aEE3HWLI7kjy9SrgfQ%26flowName%3DGeneralOAuthFlow%26as%3DS-1776831816%253A1762501268426757%26client_id%3D913728339568-tjccmfojammmqs9q0kunokb507mpjqum.apps.googleusercontent.com%23&app_domain=https%3A%2F%2Fwww.grammarly.com,23,2025-11-07T10:42:43.635Z,1130707,0.000162,0.000077
https://accounts.google.com/v3/signin/accountchooser?client_id=913728339568-tjccmfojammmqs9q0kunokb507mpjqum.apps.googleusercontent.com&disallow_webview=true&nonce=fBTrI15ehcDbE8AdEnefm4bVBIw2Rc&prompt=select_account&redirect_uri=https%3A%2F%2Fwww.grammarly.com%2Fsocial%2Fredirect&response_type=code&scope=email+profile+openid&state=9fbbXQLTo26rtuILq7NPoFIU2vjbFw&dsh=S-1776831816%3A1762501268426757&o2v=2&service=lso&flowName=GeneralOAuthFlow&opparams=%253Fdisallow_webview%253Dtrue&continue=https%3A%2F%2Faccounts.google.com%2Fsignin%2Foauth%2Fconsent%3Fauthuser%3Dunknown%26part%3DAJi8hAOluBSmIZI5R-YWG7bm_fAAijwxVDjvjKrJbXCIiGCQ-28fa1zEaoZzs12sUnaWteMlH1c5I8QSY8V2r-hDatHEPluSZ-bzot2WotMwCdBtP3E9hBvPgl4X5IWxF9D2votLSM6YSZLDRc7pIlR6SpiYS6oun30uF9kV1U-_YRxayzM1QgG0xRZJnYzuSAcEYJIoHIS2XgHWhCB2BBBG9gmSDCIjPY0GKM3qKUgcnBHrnIXakMlrkN5o9-U232lpgEcR4L_f0_56TFaBNiK_-gKy5BI0VzPNXlToRSxiPmICX--iOawetP3r6MhNG3oZTT6cH0rIVjhKZLIYttG1sra9ZTfaC-dOMaGKzFgiR88pLDhcDszMVr2gHI7gwFAXkhxF6VWrIvFOL4oEzgZwatqiixRN3koE-u3iFQZO15Z3DzuOOrYFMCpZKlj1kkHYXBfANPleq417aEE3HWLI7kjy9SrgfQ%26flowName%3DGeneralOAuthFlow%26as%3DS-1776831816%253A1762501268426757%26client_id%3D913728339568-tjccmfojammmqs9q0kunokb507mpjqum.apps.googleusercontent.com%23&app_domain=https%3A%2F%2Fwww.grammarly.com,23,2025-11-07T10:42:47.383Z,0,0,0
https://www.facebook.com/,7,2025-11-07T10:43:01.978Z,0,0,0
https://chatgpt.com/c/690b4c3d-2790-8332-8e66-f769cfb428fa,212,2025-11-07T10:46:55.180Z,0,0,0
https://chatgpt.com/c/690b4c3d-2790-8332-8e66-f769cfb428fa,121,2025-11-07T11:27:39.210Z,0,0,0
https://www.youtube.com/watch?v=_h6NoXrN1ns,108,2025-11-07T11:27:41.038Z,0,0,0
chrome://extensions/,1,2025-11-07T11:27:41.761Z,0,0,0
chrome://extensions/?id=ljogdcghldnnfkjhjmpfpnfeodbclcck,1,2025-11-07T11:27:48.728Z,0,0,0
chrome://extensions/,0,2025-11-07T11:31:47.717Z,0,0,0
chrome://extensions/,143,2025-11-07T12:25:15.067Z,0,0,0
https://www.facebook.com/,115,2025-11-07T12:34:06.260Z,0,0,0
https://www.youtube.com/watch?v=_h6NoXrN1ns,1,2025-11-07T12:34:40.706Z,0,0,0
https://www.bathandbodyworks.com/cart,0,2025-11-07T12:35:10.314Z,0,0,0
https://www.bathandbodyworks.com/cart,24,2025-11-07T12:35:20.331Z,0,0,0
https://chatgpt.com/c/690b4c3d-2790-8332-8e66-f769cfb428fa,23,2025-11-07T12:35:27.546Z,0,0,0
chrome://newtab/,2,2025-11-07T12:35:28.040Z,0,0,0
https://www.facebook.com/,12,2025-11-07T12:35:30.528Z,11589195,0.001658,0.000787
https://chatgpt.com/c/690b4c3d-2790-8332-8e66-f769cfb428fa,186,2025-11-07T12:42:45.181Z,0,0,0
https://chatgpt.com/c/690b4c3d-2790-8332-8e66-f769cfb428fa,0,2025-11-07T12:48:31.433Z,0,0,0
https://chatgpt.com/c/690b4c3d-2790-8332-8e66-f769cfb428fa,10,2025-11-07T12:49:33.978Z,0,0,0
https://chatgpt.com/c/690b4c3d-2790-8332-8e66-f769cfb428fa,0,2025-11-07T12:51:47.729Z,0,0,0
https://chatgpt.com/c/690b4c3d-2790-8332-8e66-f769cfb428fa,63,2025-11-07T13:07:31.739Z,0,0,0
https://chatgpt.com/c/690b4c3d-2790-8332-8e66-f769cfb428fa,1,2025-11-07T13:17:51.944Z,0,0,0
https://www.facebook.com/,8,2025-11-07T13:48:07.911Z,0,0,0
https://www.facebook.com/,48,2025-11-07T13:48:09.748Z,0,0,0
chrome://newtab/,1,2025-11-08T03:23:54.661Z,0,0,0
